{
  "version": "6",
  "dialect": "sqlite",
  "tables": {
    "acceleration": {
      "name": "acceleration",
      "columns": {
        "id": {
          "name": "id",
          "type": "integer",
          "primaryKey": true,
          "notNull": true,
          "autoincrement": true
        },
        "timestamp": {
          "name": "timestamp",
          "type": "text",
          "primaryKey": false,
          "notNull": false,
          "autoincrement": false,
          "default": "CURRENT_TIMESTAMP"
        },
        "x": {
          "name": "x",
          "type": "real",
          "primaryKey": false,
          "notNull": false,
          "autoincrement": false
        },
        "y": {
          "name": "y",
          "type": "real",
          "primaryKey": false,
          "notNull": false,
          "autoincrement": false
        },
        "z": {
          "name": "z",
          "type": "real",
          "primaryKey": false,
          "notNull": false,
          "autoincrement": false
        },
        "operation_id": {
          "name": "operation_id",
          "type": "integer",
          "primaryKey": false,
          "notNull": false,
          "autoincrement": false
        }
      },
      "indexes": {},
      "foreignKeys": {
        "acceleration_operation_id_operation_id_fk": {
          "name": "acceleration_operation_id_operation_id_fk",
          "tableFrom": "acceleration",
          "columnsFrom": [
            "operation_id"
          ],
          "tableTo": "operation",
          "columnsTo": [
            "id"
          ],
          "onUpdate": "no action",
          "onDelete": "no action"
        }
      },
      "compositePrimaryKeys": {},
      "uniqueConstraints": {}
    },
    "air_pressure": {
      "name": "air_pressure",
      "columns": {
        "id": {
          "name": "id",
          "type": "integer",
          "primaryKey": true,
          "notNull": true,
          "autoincrement": true
        },
        "timestamp": {
          "name": "timestamp",
          "type": "text",
          "primaryKey": false,
          "notNull": false,
          "autoincrement": false,
          "default": "CURRENT_TIMESTAMP"
        },
        "value": {
          "name": "value",
          "type": "real",
          "primaryKey": false,
          "notNull": false,
          "autoincrement": false
        },
        "operation_id": {
          "name": "operation_id",
          "type": "integer",
          "primaryKey": false,
          "notNull": false,
          "autoincrement": false
        }
      },
      "indexes": {},
      "foreignKeys": {
        "air_pressure_operation_id_operation_id_fk": {
          "name": "air_pressure_operation_id_operation_id_fk",
          "tableFrom": "air_pressure",
          "columnsFrom": [
            "operation_id"
          ],
          "tableTo": "operation",
          "columnsTo": [
            "id"
          ],
          "onUpdate": "no action",
          "onDelete": "no action"
        }
      },
      "compositePrimaryKeys": {},
      "uniqueConstraints": {}
    },
    "air_speed": {
      "name": "air_speed",
      "columns": {
        "id": {
          "name": "id",
          "type": "integer",
          "primaryKey": true,
          "notNull": true,
          "autoincrement": true
        },
        "timestamp": {
          "name": "timestamp",
          "type": "text",
          "primaryKey": false,
          "notNull": false,
          "autoincrement": false,
          "default": "CURRENT_TIMESTAMP"
        },
        "value": {
          "name": "value",
          "type": "real",
          "primaryKey": false,
          "notNull": false,
          "autoincrement": false
        },
        "operation_id": {
          "name": "operation_id",
          "type": "integer",
          "primaryKey": false,
          "notNull": false,
          "autoincrement": false
        }
      },
      "indexes": {},
      "foreignKeys": {
        "air_speed_operation_id_operation_id_fk": {
          "name": "air_speed_operation_id_operation_id_fk",
          "tableFrom": "air_speed",
          "columnsFrom": [
            "operation_id"
          ],
          "tableTo": "operation",
          "columnsTo": [
            "id"
          ],
          "onUpdate": "no action",
          "onDelete": "no action"
        }
      },
      "compositePrimaryKeys": {},
      "uniqueConstraints": {}
    },
    "altitude": {
      "name": "altitude",
      "columns": {
        "id": {
          "name": "id",
          "type": "integer",
          "primaryKey": true,
          "notNull": true,
          "autoincrement": true
        },
        "timestamp": {
          "name": "timestamp",
          "type": "text",
          "primaryKey": false,
          "notNull": false,
          "autoincrement": false,
          "default": "CURRENT_TIMESTAMP"
        },
        "value": {
          "name": "value",
          "type": "real",
          "primaryKey": false,
          "notNull": false,
          "autoincrement": false
        },
        "operation_id": {
          "name": "operation_id",
          "type": "integer",
          "primaryKey": false,
          "notNull": false,
          "autoincrement": false
        }
      },
      "indexes": {},
      "foreignKeys": {
        "altitude_operation_id_operation_id_fk": {
          "name": "altitude_operation_id_operation_id_fk",
          "tableFrom": "altitude",
          "columnsFrom": [
            "operation_id"
          ],
          "tableTo": "operation",
          "columnsTo": [
            "id"
          ],
          "onUpdate": "no action",
          "onDelete": "no action"
        }
      },
      "compositePrimaryKeys": {},
      "uniqueConstraints": {}
    },
    "battery_voltage": {
      "name": "battery_voltage",
      "columns": {
        "id": {
          "name": "id",
          "type": "integer",
          "primaryKey": true,
          "notNull": true,
          "autoincrement": true
        },
        "timestamp": {
          "name": "timestamp",
          "type": "text",
          "primaryKey": false,
          "notNull": false,
          "autoincrement": false,
          "default": "CURRENT_TIMESTAMP"
        },
        "value": {
          "name": "value",
          "type": "real",
          "primaryKey": false,
          "notNull": false,
          "autoincrement": false
        },
        "operation_id": {
          "name": "operation_id",
          "type": "integer",
          "primaryKey": false,
          "notNull": false,
          "autoincrement": false
        }
      },
      "indexes": {},
      "foreignKeys": {
        "battery_voltage_operation_id_operation_id_fk": {
          "name": "battery_voltage_operation_id_operation_id_fk",
          "tableFrom": "battery_voltage",
          "columnsFrom": [
            "operation_id"
          ],
          "tableTo": "operation",
          "columnsTo": [
            "id"
          ],
          "onUpdate": "no action",
          "onDelete": "no action"
        }
      },
      "compositePrimaryKeys": {},
      "uniqueConstraints": {}
    },
    "gps_coordinates": {
      "name": "gps_coordinates",
      "columns": {
        "id": {
          "name": "id",
          "type": "integer",
          "primaryKey": true,
          "notNull": true,
          "autoincrement": true
        },
        "timestamp": {
          "name": "timestamp",
          "type": "text",
          "primaryKey": false,
          "notNull": false,
          "autoincrement": false,
          "default": "CURRENT_TIMESTAMP"
        },
        "value": {
          "name": "value",
          "type": "text",
          "primaryKey": false,
          "notNull": false,
          "autoincrement": false
        },
        "operation_id": {
          "name": "operation_id",
          "type": "integer",
          "primaryKey": false,
          "notNull": false,
          "autoincrement": false
        }
      },
      "indexes": {},
      "foreignKeys": {
        "gps_coordinates_operation_id_operation_id_fk": {
          "name": "gps_coordinates_operation_id_operation_id_fk",
          "tableFrom": "gps_coordinates",
          "columnsFrom": [
            "operation_id"
          ],
          "tableTo": "operation",
          "columnsTo": [
            "id"
          ],
          "onUpdate": "no action",
          "onDelete": "no action"
        }
      },
      "compositePrimaryKeys": {},
      "uniqueConstraints": {}
    },
    "gyroscope": {
      "name": "gyroscope",
      "columns": {
        "id": {
          "name": "id",
          "type": "integer",
          "primaryKey": true,
          "notNull": true,
          "autoincrement": true
        },
        "timestamp": {
          "name": "timestamp",
          "type": "text",
          "primaryKey": false,
          "notNull": false,
          "autoincrement": false,
          "default": "CURRENT_TIMESTAMP"
        },
        "x": {
          "name": "x",
          "type": "real",
          "primaryKey": false,
          "notNull": false,
          "autoincrement": false
        },
        "y": {
          "name": "y",
          "type": "real",
          "primaryKey": false,
          "notNull": false,
          "autoincrement": false
        },
        "z": {
          "name": "z",
          "type": "real",
          "primaryKey": false,
          "notNull": false,
          "autoincrement": false
        },
        "operation_id": {
          "name": "operation_id",
          "type": "integer",
          "primaryKey": false,
          "notNull": false,
          "autoincrement": false
        }
      },
      "indexes": {},
      "foreignKeys": {
        "gyroscope_operation_id_operation_id_fk": {
          "name": "gyroscope_operation_id_operation_id_fk",
          "tableFrom": "gyroscope",
          "columnsFrom": [
            "operation_id"
          ],
          "tableTo": "operation",
          "columnsTo": [
            "id"
          ],
          "onUpdate": "no action",
          "onDelete": "no action"
        }
      },
      "compositePrimaryKeys": {},
      "uniqueConstraints": {}
    },
    "longitude": {
      "name": "longitude",
      "columns": {
        "id": {
          "name": "id",
          "type": "integer",
          "primaryKey": true,
          "notNull": true,
          "autoincrement": true
        },
        "timestamp": {
          "name": "timestamp",
          "type": "text",
          "primaryKey": false,
          "notNull": false,
          "autoincrement": false,
          "default": "CURRENT_TIMESTAMP"
        },
        "value": {
          "name": "value",
          "type": "real",
          "primaryKey": false,
          "notNull": false,
          "autoincrement": false
        },
        "operation_id": {
          "name": "operation_id",
          "type": "integer",
          "primaryKey": false,
          "notNull": false,
          "autoincrement": false
        }
      },
      "indexes": {},
      "foreignKeys": {
        "longitude_operation_id_operation_id_fk": {
          "name": "longitude_operation_id_operation_id_fk",
          "tableFrom": "longitude",
          "columnsFrom": [
            "operation_id"
          ],
          "tableTo": "operation",
          "columnsTo": [
            "id"
          ],
          "onUpdate": "no action",
          "onDelete": "no action"
        }
      },
      "compositePrimaryKeys": {},
      "uniqueConstraints": {}
    },
    "operation": {
      "name": "operation",
      "columns": {
        "id": {
          "name": "id",
          "type": "integer",
          "primaryKey": true,
          "notNull": true,
          "autoincrement": true
        },
        "timestamp": {
          "name": "timestamp",
          "type": "text",
          "primaryKey": false,
          "notNull": false,
          "autoincrement": false
        }
      },
      "indexes": {},
      "foreignKeys": {},
      "compositePrimaryKeys": {},
      "uniqueConstraints": {}
    },
    "operation_to_sensor_data": {
      "name": "operation_to_sensor_data",
      "columns": {
        "id": {
          "name": "id",
          "type": "integer",
          "primaryKey": true,
          "notNull": true,
          "autoincrement": true
        },
        "operation_id": {
          "name": "operation_id",
          "type": "integer",
          "primaryKey": false,
          "notNull": false,
          "autoincrement": false
        },
        "acceleration_id": {
          "name": "acceleration_id",
          "type": "integer",
          "primaryKey": false,
          "notNull": false,
          "autoincrement": false
        },
        "air_pressure_id": {
          "name": "air_pressure_id",
          "type": "integer",
          "primaryKey": false,
          "notNull": false,
          "autoincrement": false
        },
        "air_speed_id": {
          "name": "air_speed_id",
          "type": "integer",
          "primaryKey": false,
          "notNull": false,
          "autoincrement": false
        },
        "altitude_id": {
          "name": "altitude_id",
          "type": "integer",
          "primaryKey": false,
          "notNull": false,
          "autoincrement": false
        },
        "battery_voltage_id": {
          "name": "battery_voltage_id",
          "type": "integer",
          "primaryKey": false,
          "notNull": false,
          "autoincrement": false
        },
        "gps_coordinates_id": {
          "name": "gps_coordinates_id",
          "type": "integer",
          "primaryKey": false,
          "notNull": false,
          "autoincrement": false
        },
        "gyroscope_id": {
          "name": "gyroscope_id",
          "type": "integer",
          "primaryKey": false,
          "notNull": false,
          "autoincrement": false
        },
        "longitude_id": {
          "name": "longitude_id",
          "type": "integer",
          "primaryKey": false,
          "notNull": false,
          "autoincrement": false
        },
        "satellites_tracked_id": {
          "name": "satellites_tracked_id",
          "type": "integer",
          "primaryKey": false,
          "notNull": false,
          "autoincrement": false
        },
        "temperature_id": {
          "name": "temperature_id",
          "type": "integer",
          "primaryKey": false,
          "notNull": false,
          "autoincrement": false
        },
        "tilt_angle_id": {
          "name": "tilt_angle_id",
          "type": "integer",
          "primaryKey": false,
          "notNull": false,
          "autoincrement": false
        }
      },
      "indexes": {},
      "foreignKeys": {
        "operation_to_sensor_data_operation_id_operation_id_fk": {
          "name": "operation_to_sensor_data_operation_id_operation_id_fk",
          "tableFrom": "operation_to_sensor_data",
          "columnsFrom": [
            "operation_id"
          ],
          "tableTo": "operation",
          "columnsTo": [
            "id"
          ],
          "onUpdate": "no action",
          "onDelete": "no action"
        },
        "operation_to_sensor_data_acceleration_id_acceleration_id_fk": {
          "name": "operation_to_sensor_data_acceleration_id_acceleration_id_fk",
          "tableFrom": "operation_to_sensor_data",
          "columnsFrom": [
            "acceleration_id"
          ],
          "tableTo": "acceleration",
          "columnsTo": [
            "id"
          ],
          "onUpdate": "no action",
          "onDelete": "no action"
        },
        "operation_to_sensor_data_air_pressure_id_air_pressure_id_fk": {
          "name": "operation_to_sensor_data_air_pressure_id_air_pressure_id_fk",
          "tableFrom": "operation_to_sensor_data",
          "columnsFrom": [
            "air_pressure_id"
          ],
          "tableTo": "air_pressure",
          "columnsTo": [
            "id"
          ],
          "onUpdate": "no action",
          "onDelete": "no action"
        },
        "operation_to_sensor_data_air_speed_id_air_speed_id_fk": {
          "name": "operation_to_sensor_data_air_speed_id_air_speed_id_fk",
          "tableFrom": "operation_to_sensor_data",
          "columnsFrom": [
            "air_speed_id"
          ],
          "tableTo": "air_speed",
          "columnsTo": [
            "id"
          ],
          "onUpdate": "no action",
          "onDelete": "no action"
        },
        "operation_to_sensor_data_altitude_id_altitude_id_fk": {
          "name": "operation_to_sensor_data_altitude_id_altitude_id_fk",
          "tableFrom": "operation_to_sensor_data",
          "columnsFrom": [
            "altitude_id"
          ],
          "tableTo": "altitude",
          "columnsTo": [
            "id"
          ],
          "onUpdate": "no action",
          "onDelete": "no action"
        },
        "operation_to_sensor_data_battery_voltage_id_battery_voltage_id_fk": {
          "name": "operation_to_sensor_data_battery_voltage_id_battery_voltage_id_fk",
          "tableFrom": "operation_to_sensor_data",
          "columnsFrom": [
            "battery_voltage_id"
          ],
          "tableTo": "battery_voltage",
          "columnsTo": [
            "id"
          ],
          "onUpdate": "no action",
          "onDelete": "no action"
        },
        "operation_to_sensor_data_gps_coordinates_id_gps_coordinates_id_fk": {
          "name": "operation_to_sensor_data_gps_coordinates_id_gps_coordinates_id_fk",
          "tableFrom": "operation_to_sensor_data",
          "columnsFrom": [
            "gps_coordinates_id"
          ],
          "tableTo": "gps_coordinates",
          "columnsTo": [
            "id"
          ],
          "onUpdate": "no action",
          "onDelete": "no action"
        },
        "operation_to_sensor_data_gyroscope_id_gyroscope_id_fk": {
          "name": "operation_to_sensor_data_gyroscope_id_gyroscope_id_fk",
          "tableFrom": "operation_to_sensor_data",
          "columnsFrom": [
            "gyroscope_id"
          ],
          "tableTo": "gyroscope",
          "columnsTo": [
            "id"
          ],
          "onUpdate": "no action",
          "onDelete": "no action"
        },
        "operation_to_sensor_data_longitude_id_longitude_id_fk": {
          "name": "operation_to_sensor_data_longitude_id_longitude_id_fk",
          "tableFrom": "operation_to_sensor_data",
          "columnsFrom": [
            "longitude_id"
          ],
          "tableTo": "longitude",
          "columnsTo": [
            "id"
          ],
          "onUpdate": "no action",
          "onDelete": "no action"
        },
        "operation_to_sensor_data_satellites_tracked_id_satellites_tracked_id_fk": {
          "name": "operation_to_sensor_data_satellites_tracked_id_satellites_tracked_id_fk",
          "tableFrom": "operation_to_sensor_data",
          "columnsFrom": [
            "satellites_tracked_id"
          ],
          "tableTo": "satellites_tracked",
          "columnsTo": [
            "id"
          ],
          "onUpdate": "no action",
          "onDelete": "no action"
        },
        "operation_to_sensor_data_temperature_id_temperature_id_fk": {
          "name": "operation_to_sensor_data_temperature_id_temperature_id_fk",
          "tableFrom": "operation_to_sensor_data",
          "columnsFrom": [
            "temperature_id"
          ],
          "tableTo": "temperature",
          "columnsTo": [
            "id"
          ],
          "onUpdate": "no action",
          "onDelete": "no action"
        },
        "operation_to_sensor_data_tilt_angle_id_tilt_angle_id_fk": {
          "name": "operation_to_sensor_data_tilt_angle_id_tilt_angle_id_fk",
          "tableFrom": "operation_to_sensor_data",
          "columnsFrom": [
            "tilt_angle_id"
          ],
          "tableTo": "tilt_angle",
          "columnsTo": [
            "id"
          ],
          "onUpdate": "no action",
          "onDelete": "no action"
        }
      },
      "compositePrimaryKeys": {},
      "uniqueConstraints": {}
    },
    "satellites_tracked": {
      "name": "satellites_tracked",
      "columns": {
        "id": {
          "name": "id",
          "type": "integer",
          "primaryKey": true,
          "notNull": true,
          "autoincrement": true
        },
        "timestamp": {
          "name": "timestamp",
          "type": "text",
          "primaryKey": false,
          "notNull": false,
          "autoincrement": false,
          "default": "CURRENT_TIMESTAMP"
        },
        "value": {
          "name": "value",
          "type": "real",
          "primaryKey": false,
          "notNull": false,
          "autoincrement": false
        },
        "operation_id": {
          "name": "operation_id",
          "type": "integer",
          "primaryKey": false,
          "notNull": false,
          "autoincrement": false
        }
      },
      "indexes": {},
      "foreignKeys": {
        "satellites_tracked_operation_id_operation_id_fk": {
          "name": "satellites_tracked_operation_id_operation_id_fk",
          "tableFrom": "satellites_tracked",
          "columnsFrom": [
            "operation_id"
          ],
          "tableTo": "operation",
          "columnsTo": [
            "id"
          ],
          "onUpdate": "no action",
          "onDelete": "no action"
        }
      },
      "compositePrimaryKeys": {},
      "uniqueConstraints": {}
    },
    "temperature": {
      "name": "temperature",
      "columns": {
        "id": {
          "name": "id",
          "type": "integer",
          "primaryKey": true,
          "notNull": true,
          "autoincrement": true
        },
        "timestamp": {
          "name": "timestamp",
          "type": "text",
          "primaryKey": false,
          "notNull": false,
          "autoincrement": false,
          "default": "CURRENT_TIMESTAMP"
        },
        "value": {
          "name": "value",
          "type": "real",
          "primaryKey": false,
          "notNull": false,
          "autoincrement": false
        },
        "operation_id": {
          "name": "operation_id",
          "type": "integer",
          "primaryKey": false,
          "notNull": false,
          "autoincrement": false
        }
      },
      "indexes": {},
      "foreignKeys": {
        "temperature_operation_id_operation_id_fk": {
          "name": "temperature_operation_id_operation_id_fk",
          "tableFrom": "temperature",
          "columnsFrom": [
            "operation_id"
          ],
          "tableTo": "operation",
          "columnsTo": [
            "id"
          ],
          "onUpdate": "no action",
          "onDelete": "no action"
        }
      },
      "compositePrimaryKeys": {},
      "uniqueConstraints": {}
    },
    "tilt_angle": {
      "name": "tilt_angle",
      "columns": {
        "id": {
          "name": "id",
          "type": "integer",
          "primaryKey": true,
          "notNull": true,
          "autoincrement": true
        },
        "timestamp": {
          "name": "timestamp",
          "type": "text",
          "primaryKey": false,
          "notNull": false,
          "autoincrement": false,
          "default": "CURRENT_TIMESTAMP"
        },
        "value": {
          "name": "value",
          "type": "real",
          "primaryKey": false,
          "notNull": false,
          "autoincrement": false
        },
        "operation_id": {
          "name": "operation_id",
          "type": "integer",
          "primaryKey": false,
          "notNull": false,
          "autoincrement": false
        }
      },
      "indexes": {},
      "foreignKeys": {
        "tilt_angle_operation_id_operation_id_fk": {
          "name": "tilt_angle_operation_id_operation_id_fk",
          "tableFrom": "tilt_angle",
          "columnsFrom": [
            "operation_id"
          ],
          "tableTo": "operation",
          "columnsTo": [
            "id"
          ],
          "onUpdate": "no action",
          "onDelete": "no action"
        }
      },
      "compositePrimaryKeys": {},
      "uniqueConstraints": {}
    }
  },
  "enums": {},
  "_meta": {
    "tables": {},
    "columns": {}
  },
  "id": "6f708f5e-8fca-45b4-9df3-7a8db7f221dd",
  "prevId": "d809c822-7332-4549-bc6e-867ed4dc79e1"
}