{
  "version": "5",
  "dialect": "sqlite",
  "entries": [
    {
      "idx": 0,
      "version": "5",
      "when": 1704618406549,
      "tag": "0000_even_chimera",
      "breakpoints": true
    },
    {
      "idx": 1,
      "version": "5",
      "when": 1704621750069,
      "tag": "0001_mean_speed_demon",
      "breakpoints": true
    },
    {
      "idx": 2,
      "version": "5",
      "when": 1704621983689,
      "tag": "0002_smooth_nighthawk",
      "breakpoints": true
    },
    {
      "idx": 3,
      "version": "6",
      "when": 1715831976389,
      "tag": "0003_hard_lifeguard",
      "breakpoints": true
    }
  ]
}